t,reflected,inside,transmitted
0.000000000000000000e+00,9.999999999998844258e-01,6.751910766014364721e-14,1.129430701145017864e-16
2.711864406779661008e-01,9.999999999704453080e-01,1.813622835822199799e-11,1.260651092167576958e-16
5.423728813559322015e-01,9.999999952374477585e-01,3.066245885453974924e-09,4.831986672970361528e-15
8.135593220338983578e-01,9.999995698693430191e-01,2.908111853915720077e-07,1.929305351605201056e-12
1.084745762711864403e+00,9.999799059270519930e-01,1.426199737221135779e-05,3.964885272318807770e-10
1.355932203389830448e+00,9.995303526174701414e-01,3.493614068575845335e-04,3.944629186005141163e-08
1.627118644067796716e+00,9.944490590109398287e-01,4.315369201663769340e-03,1.854625635921585319e-06
1.898305084745762761e+00,9.652475573086222171e-01,2.811459183655550670e-02,4.218075223764025325e-05
2.169491525423728806e+00,8.762205686160848828e-01,1.035348461594272212e-01,4.909526664252817241e-04
2.440677966101695073e+00,7.266746906530799910e-01,2.339705138915282590e-01,3.162118700102497897e-03
2.711864406779660897e+00,5.891845663447471404e-01,3.540988203290619807e-01,1.233054260646617058e-02
2.983050847457627164e+00,5.348042335679896730e-01,3.937199235044687717e-01,3.196539301225891083e-02
3.254237288135593431e+00,5.589120585399632857e-01,3.527645218354922840e-01,6.035569611916778016e-02
3.525423728813559254e+00,6.218288717449316216e-01,2.701094565537461301e-01,9.036068033480237904e-02
3.796610169491525522e+00,6.952141679971720611e-01,1.790274087170347639e-01,1.155901469518555574e-01
4.067796610169491345e+00,7.531319719694297143e-01,1.082671059231038596e-01,1.341380462354354597e-01
4.338983050847457612e+00,7.809517127421157223e-01,7.046385124557923152e-02,1.472276737787679146e-01
4.610169491525423879e+00,7.890403395922453988e-01,5.361995161014136702e-02,1.566682773101244763e-01
4.881355932203390147e+00,7.934865431179720652e-01,4.205470180590845791e-02,1.637107955041966767e-01
5.152542372881355526e+00,7.989670937826457431e-01,3.136450728273290633e-02,1.690372198818646809e-01
5.423728813559321793e+00,8.035597394164974983e-01,2.297815014231658487e-02,1.730472388533031702e-01
5.694915254237288060e+00,8.065318175269230450e-01,1.713384406281614689e-02,1.760416251062837945e-01
5.966101694915254328e+00,8.086530478230026242e-01,1.284779072905699489e-02,1.782689289017591328e-01
6.237288135593220595e+00,8.103372333745516576e-01,9.564610421897780032e-03,1.799253275189121315e-01
6.508474576271186862e+00,8.115962982437425755e-01,7.119076779259180844e-03,1.811586033855559774e-01
6.779661016949152241e+00,8.125139964473471199e-01,5.313499781667370761e-03,1.820780018220554686e-01
7.050847457627118509e+00,8.132036890685145902e-01,3.961595319995071286e-03,1.827638343396635889e-01
7.322033898305084776e+00,8.137201125479811559e-01,2.951956874334766851e-03,1.832753831084584784e-01
7.593220338983051043e+00,8.141026816565171131e-01,2.201309482791527494e-03,1.836568057130680554e-01
7.864406779661017310e+00,8.143883913577277811e-01,1.641181997015433340e-03,1.839411411362354698e-01
8.135593220338982690e+00,8.146017704059791420e-01,1.223344572389842245e-03,1.841530904752057551e-01
8.406779661016949845e+00,8.147605496800848224e-01,9.121068753814619637e-04,1.843110894430488866e-01
8.677966101694915224e+00,8.148790073818844570e-01,6.799886844397335902e-04,1.844288792253250264e-01
8.949152542372880603e+00,8.149673524198438601e-01,5.069189384733741813e-04,1.845166956453629659e-01
9.220338983050847759e+00,8.150331663927783410e-01,3.779316461209661620e-04,1.845821657422156148e-01
9.491525423728813138e+00,8.150822522432280559e-01,2.817500206694900362e-04,1.846309752540843396e-01
9.762711864406780293e+00,8.151188463914617044e-01,2.100468687350106874e-04,1.846673634135849174e-01
1.003389830508474567e+01,8.151461214566240177e-01,1.565960814793870425e-04,1.846944911710289294e-01
1.030508474576271105e+01,8.151664605914076267e-01,1.167433044079770190e-04,1.847147152601635312e-01
1.057627118644067821e+01,8.151816220593267603e-01,8.703414916178525273e-05,1.847297926089851439e-01
1.084745762711864359e+01,8.151929247316018756e-01,6.488567900421860055e-05,1.847410330231978037e-01
1.111864406779661074e+01,8.152013519988692281e-01,4.837289522926387211e-05,1.847494129373703775e-01
1.138983050847457612e+01,8.152076340000542487e-01,3.606293696820282138e-05,1.847556602947043047e-01
1.166101694915254150e+01,8.152123175286082324e-01,2.688545790191610593e-05,1.847603178000820634e-01
1.193220338983050866e+01,8.152158092510265464e-01,2.004347010044608312e-05,1.847637900386204790e-01
1.220338983050847403e+01,8.152184122361042506e-01,1.494277761254610670e-05,1.847663786472459879e-01
1.247457627118644119e+01,8.152203529062058696e-01,1.114004031759388666e-05,1.847683084950720311e-01
1.274576271186440657e+01,8.152217996702845193e-01,8.305079023627747275e-06,1.847697472254807849e-01
1.301694915254237372e+01,8.152228782458713630e-01,6.191572849749128028e-06,1.847708198225578302e-01
1.328813559322033910e+01,8.152236823683336464e-01,4.615903985577837919e-06,1.847716194556738301e-01
1.355932203389830448e+01,8.152242818647361666e-01,3.441234353085116407e-06,1.847722155653495624e-01
1.383050847457627164e+01,8.152247290196655838e-01,2.565491434534333681e-06,1.847726597618461197e-01
1.410169491525423702e+01,8.152250636630963276e-01,1.912613329381579109e-06,1.847729896340155331e-01
1.437288135593220417e+01,8.152253197578831490e-01,1.425884179050026056e-06,1.847732289431502917e-01
1.464406779661016955e+01,8.152255402155943464e-01,1.063017696303425260e-06,1.847733778198032417e-01
1.491525423728813493e+01,8.152258199346642531e-01,7.924970868382294692e-07,1.847733734430322960e-01
1.518644067796610209e+01,8.152264271496383330e-01,5.908189031520493857e-07,1.847729715007795093e-01
1.545762711864406747e+01,8.152281109673515935e-01,4.404657401115788873e-07,1.847714407162316941e-01
1.572881355932203462e+01,8.152327963887234796e-01,3.283762351303474458e-07,1.847668693821027941e-01
1.600000000000000000e+01,8.152449881953303112e-01,2.448135085059027624e-07,1.847547626276853927e-01
